CDR3.alpha.aa,CDR3.beta.aa,Epitope.peptide,MHC,V.alpha,J.alpha,V.beta,J.beta,CDR1.alpha.aa,CDR2.alpha.aa,CDR1.beta.aa,CDR2.beta.aa,Target
CAESVGKLIF,CSVGSQGTNEKLFF,GLCTLVAML,HLA-A*02:01,TRAV5,TRAJ23,TRBV29-1,TRBJ1-4,DSSSTY,IFSNMDM,SQVTM,ANQGSEA,1
CAFVANAGGTSYGKLTF,CASSYTRVNEQFF,GLCTLVAML,HLA-A*02:01,TRAV38-1,TRAJ52,TRBV6-9,TRBJ2-1,TSENNYY,QEAYKQQN,MNHGY,SVAAGI,1
CAGNNARLVF,CASSQSPGGTQYF,GLCTLVAML,HLA-A*02:01,TRAV27,TRAJ31,TRBV14,TRBJ2-5,SVFSS,VVTGGEV,SGHDN,FVKESK,1
CAGNNARPMF,CASSQSPGGVAFF,GLCTLVAML,HLA-A*02:01,TRAV27,TRAJ31,TRBV14,TRBJ1-1,SVFSS,VVTGGEV,SGHDN,FVKESK,1
CALDILYNQGGKLIF,CASSQSPGGTQYF,GLCTLVAML,HLA-A*02:01,TRAV6,TRAJ23,TRBV14,TRBJ2-5,NYSPAY,IRENEKE,SGHDN,FVKESK,1
CAPRGGSGGGADGLTF,CASSNQGDGTDTQYF,GLCTLVAML,HLA-A*02:01,TRAV8-3,TRAJ45,TRBV2,TRBJ2-3,YGATPY,YFSGDTLV,SNHLY,FYNNEI,1
CATDAGNDMRF,CASSYWVGRRDTQYF,GLCTLVAML,HLA-A*02:01,TRAV17,TRAJ43,TRBV6-5,TRBJ2-3,TSINN,IRSNERE,MNHEY,SVGAGI,1
CAVDILTGGGNKLTF,CASGPYEGNQPQHF,GLCTLVAML,HLA-A*02:01,TRAV1-2,TRAJ10,TRBV27,TRBJ1-5,TSGFNG,NVLDGL,MNHEY,SMNVEV,1
CVVNRDSSYKLIF,CASSGVQLLPGELFF,GLCTLVAML,HLA-A*02:01,TRAV12-1,TRAJ12,TRBV2,TRBJ2-2,NSASQS,VYSSGN,SNHLY,FYNNEI,1
CVVNSINDYKLSF,CASSLTLQRVGTGELFF,GLCTLVAML,HLA-A*02:01,TRAV12-1,TRAJ20,TRBV7-2,TRBJ2-2,NSASQS,VYSSGN,SGHTA,FQGNSA,1
CVVNSPNDYKLSF,CASSYPEVAPSEQFF,GLCTLVAML,HLA-A*02:01,TRAV12-1,TRAJ20,TRBV6-2,TRBJ2-1,NSASQS,VYSSGN,MNHEY,SVGEGT,1
CAEDPLGSQGNLIF,CASSPLIGTPPGEQFF,GLCTLVAML,HLA-A*02:01,TRAV5,TRAJ42,TRBV6-2,TRBJ2-1,DSSSTY,IFSNMDM,MNHEY,SVGEGT,1
CAEDRNARLMF,CSARDRVGNTIYF,GLCTLVAML,HLA-A*02:01,TRAV5,TRAJ31,TRBV20-1,TRBJ1-3,DSSSTY,IFSNMDM,DFQATT,SNEGSKA,1
CAEDSNARLMF,CSARDPYRASNQPQHF,GLCTLVAML,HLA-A*02:01,TRAV5,TRAJ31,TRBV20-1,TRBJ1-5,DSSSTY,IFSNMDM,DFQATT,SNEGSKA,1
CAEGHDSTLTF,CSARVGVGNTIYF,GLCTLVAML,HLA-A*02:01,TRAV5,TRAJ11,TRBV20-1,TRBJ1-3,DSSSTY,IFSNMDM,DFQATT,SNEGSKA,1
CAEGQTDKLIF,CASSVGNEQFF,GLCTLVAML,HLA-A*02:01,TRAV5,TRAJ34,TRBV9,TRBJ2-1,DSSSTY,IFSNMDM,SGDLS,YYNGEE,1
CAEHFWGYQKVTF,CASSQSPGGTQYF,GLCTLVAML,HLA-A*02:01,TRAV5,TRAJ13,TRBV14,TRBJ2-3,DSSSTY,IFSNMDM,SGHDN,FVKESK,1
CAEMAGANNLFF,CASSAWEGAEAFF,GLCTLVAML,HLA-A*02:01,TRAV5,TRAJ36,TRBV19,TRBJ1-1,DSSSTY,IFSNMDM,LNHDA,SQIVND,1
CAENPSSGNTPLVF,CASSLAEQGGELFF,GLCTLVAML,HLA-A*02:01,TRAV5,TRAJ29,TRBV7-2,TRBJ2-2,DSSSTY,IFSNMDM,SGHTA,FQGNSA,1
CAENQINNDMRF,CSARGLVESSYNEQFF,GLCTLVAML,HLA-A*02:01,TRAV5,TRAJ43,TRBV20-1,TRBJ2-1,DSSSTY,IFSNMDM,DFQATT,SNEGSKA,1
CAESPSSGNTPLVF,CASAGPGQVYEQYF,GLCTLVAML,HLA-A*02:01,TRAV5,TRAJ29,TRBV25-1,TRBJ2-7,DSSSTY,IFSNMDM,MGHDK,SYGVNS,1
CAESTGKLIF,CSGTGGTNEKLFF,GLCTLVAML,HLA-A*02:01,TRAV5,TRAJ37,TRBV29-1,TRBJ1-4,DSSSTY,IFSNMDM,SQVTM,ANQGSEA,1
CAVNPGANSKLTF,CASSYGGISSYEQYF,GLCTLVAML,HLA-A*02:01,TRAV12-2,TRAJ56,TRBV6-5,TRBJ2-7,DRGSQS,IYSNGD,MNHEY,SVGAGI,1
CAVRDTRDSSYKLIF,CAISEDITVAPEQYF,GLCTLVAML,HLA-A*02:01,TRAV3,TRAJ12,TRBV10-3,TRBJ2-7,VSGNPY,YITGDNLV,ENHRY,SYGVKD,1
CAVYGQNFVF,CSARDGTGNGYTF,GLCTLVAML,HLA-A*02:01,TRAV13-1,TRAJ26,TRBV20-1,TRBJ1-2,DSASNY,IRSNVGE,DFQATT,SNEGSKA,1
CILGSNDYKLSF,CSPGTDLYEQYF,GLCTLVAML,HLA-A*02:01,TRAV26-2,TRAJ20,TRBV29-1,TRBJ2-7,TISGTDY,GLTSN,SQVTM,ANQGSEA,1
CVVNGASGTYKYIF,CASSEDAGLSYNEQFF,GLCTLVAML,HLA-A*02:01,TRAV12-1,TRAJ40,TRBV6-1,TRBJ2-1,NSASQS,VYSSGN,MNHNS,SASEGT,1
CVVNGDRDRISRLVKF,CASSNADTPLQETQYF,GLCTLVAML,HLA-A*02:01,TRAV12-1,TRAJ12,TRBV2,TRBJ2-5,NSASQS,VYSSGN,SNHLY,FYNNEI,1
CVVNGKDSSYKLIF,CASSGGAVAPSEQFF,GLCTLVAML,HLA-A*02:01,TRAV12-1,TRAJ12,TRBV2,TRBJ2-1,NSASQS,VYSSGN,SNHLY,FYNNEI,1
CAAFKAAGNKLTF,CSGEWDQNIQYF,GLCTLVAML,HLA-A*02:01,TRAV22,TRAJ17,TRBV20-1,TRBJ2-4,DSVNN,IPSGT,DFQATT,SNEGSKA,1
CAAGGSQGNLIF,CASSLTGTFRGYTF,GLCTLVAML,HLA-A*02:01,TRAV13-1,TRAJ42,TRBV27,TRBJ1-2,DSASNY,IRSNVGE,MNHEY,SMNVEV,1
CAAGGSQGNLIF,CASSVGNEQFF,GLCTLVAML,HLA-A*02:01,TRAV13-1,TRAJ42,TRBV9,TRBJ2-1,DSASNY,IRSNVGE,SGDLS,YYNGEE,1
CAASMKDSGAGSYQLTF,CASSDGQVATNEKLFF,GLCTLVAML,HLA-A*02:01,TRAV23/DV6,TRAJ28,TRBV9,TRBJ1-4,NTAFDY,IRPDVSE,SGDLS,YYNGEE,1
CAASRKPDKIIF,CASSVISLGYGYTF,GLCTLVAML,HLA-A*02:01,TRAV13-1,TRAJ30,TRBV11-2,TRBJ1-2,DSASNY,IRSNVGE,SGHAT,FQNNGV,1
CAEALRRDTGRRALTF,CSVVGTSLYNEQFF,GLCTLVAML,HLA-A*02:01,TRAV5,TRAJ5,TRBV29-1,TRBJ2-1,DSSSTY,IFSNMDM,SQVTM,ANQGSEA,1
CAEDNNARLMF,CASSGEQLLPGELFF,GLCTLVAML,HLA-A*02:01,TRAV5,TRAJ31,TRBV2,TRBJ2-2,DSSSTY,IFSNMDM,SNHLY,FYNNEI,1
CAEDNNARLMF,CSARDDGVNTEAFF,GLCTLVAML,HLA-A*02:01,TRAV5,TRAJ31,TRBV20-1,TRBJ1-1,DSSSTY,IFSNMDM,DFQATT,SNEGSKA,1
CAEDNNARLMF,CSARDRGSGNTIYF,GLCTLVAML,HLA-A*02:01,TRAV5,TRAJ31,TRBV20-1,TRBJ1-3,DSSSTY,IFSNMDM,DFQATT,SNEGSKA,1
CALSEENTSGTYKYIF,CSATPSGYGYTF,GLCTLVAML,HLA-A*02:01,TRAV19,TRAJ40,TRBV20-1,TRBJ1-2,TRDTTYY,RNSFDEQN,DFQATT,SNEGSKA,0
CLVNTNAGKSTF,CASSQEVGQRLLNTGELFF,GLCTLVAML,HLA-A*02:01,TRAV4,TRAJ27,TRBV4-2,TRBJ2-2,NIATNDY,GYKTK,LGHNA,YNFKEQ,0
CAVLGNQFYF,CASSLVAGTDGYTF,GLCTLVAML,HLA-A*02:01,TRAV21,TRAJ49,TRBV7-3,TRBJ1-2,DSAIYN,IQSSQRE,SGHTA,FQGTGA,0
CVVGYGQFYF,CASSFVSFDEQFF,GLCTLVAML,HLA-A*02:01,TRAV10,TRAJ49,TRBV28,TRBJ2-1,VSPFSN,MTFSENT,MDHEN,SYDVKM,0
CVVNQPGGYNKLIF,CASSELAGGNTGELFF,GLCTLVAML,HLA-A*02:01,TRAV12-1,TRAJ4,TRBV2,TRBJ2-2,NSASQS,VYSSGN,SNHLY,FYNNEI,0
CAVSDGENARLMF,CASSIRSSYEQYF,GLCTLVAML,HLA-A*02:01,TRAV8-4,TRAJ31,TRBV19,TRBJ2-7,SSVPPY,YTSAATLV,LNHDA,SQIVND,0
CALQGWMADSWGKLQF,CASSTRLARNNEQFF,GLCTLVAML,HLA-A*02:01,TRAV19,TRAJ24,TRBV19,TRBJ2-1,TRDTTYY,RNSFDEQN,LNHDA,SQIVND,0
CASSALGSEKLVF,CASSLKAGNQPQHF,GLCTLVAML,HLA-A*02:01,TRAV38-2/DV8,TRAJ57,TRBV4-1,TRBJ1-5,TSESDYY,QEAYKQQN,MGHRA,YSYEKL,0
CALIDPGSGGGADGLTF,CASSETQMNTEAFF,GLCTLVAML,HLA-A*02:01,TRAV12-2,TRAJ45,TRBV6-1,TRBJ1-1,DRGSQS,IYSNGD,MNHNS,SASEGT,0
CAALTDSWGKLQF,CASSDLQGGGPGEQYF,GLCTLVAML,HLA-A*02:01,TRAV12-2,TRAJ24,TRBV25-1,TRBJ2-7,DRGSQS,IYSNGD,MGHDK,SYGVNS,0
CLVGEGDNYQLIW,CASSQEPSGGTNTGELFF,GLCTLVAML,HLA-A*02:01,TRAV4,TRAJ33,TRBV4-3,TRBJ2-2,NIATNDY,GYKTK,LGHNA,YSLEER,0
CAYRNLNSGGYQKVTF,CASSESGRNWDEQFF,GLCTLVAML,HLA-A*02:01,TRAV38-2/DV8,TRAJ13,TRBV2,TRBJ2-1,TSESDYY,QEAYKQQN,SNHLY,FYNNEI,0
CLVGPGGYQKVTF,CSVGLLGTGELFF,GLCTLVAML,HLA-A*02:01,TRAV4,TRAJ13,TRBV29-1,TRBJ2-2,NIATNDY,GYKTK,SQVTM,ANQGSEA,0
CAVEDPVTGGGNKLTF,CASSNHLAGHTYEQYF,GLCTLVAML,HLA-A*02:01,TRAV22,TRAJ10,TRBV6-2,TRBJ2-7,DSVNN,IPSGT,MNHEY,SVGEGT,0
CAVRGSFYNQGGKLIF,CATSDLRRTDTQYF,GLCTLVAML,HLA-A*02:01,TRAV3,TRAJ23,TRBV24-1,TRBJ2-3,VSGNPY,YITGDNLV,KGHDR,SFDVKD,0
CAGLGNEKLTF,CATSDWTGSSYNEQFF,GLCTLVAML,HLA-A*02:01,TRAV25,TRAJ48,TRBV24-1,TRBJ2-1,TTLSN,LVKSGEV,KGHDR,SFDVKD,0
CAVRDILDSNYQLIW,CASSEAVIDSNTDTQYF,GLCTLVAML,HLA-A*02:01,TRAV3,TRAJ33,TRBV2,TRBJ2-3,VSGNPY,YITGDNLV,SNHLY,FYNNEI,0
CAVKGYGNNRLAF,CATSEAGDPDTQYF,GLCTLVAML,HLA-A*02:01,TRAV12-2,TRAJ7,TRBV24-1,TRBJ2-3,DRGSQS,IYSNGD,KGHDR,SFDVKD,0
CATDAMPPGGNTGKLIF,CASSFYSNQPQHF,GLCTLVAML,HLA-A*02:01,TRAV17,TRAJ37,TRBV19,TRBJ1-5,TSINN,IRSNERE,LNHDA,SQIVND,0
CAMREAGGFKTIF,CASRKTGGGEAFF,GLCTLVAML,HLA-A*02:01,TRAV14/DV4,TRAJ9,TRBV7-3,TRBJ1-1,TSDPSYG,QGSYDQQN,SGHTA,FQGTGA,0
CAPRNAGGTSYGKLTF,CASSLGPNTGELFF,GLCTLVAML,HLA-A*02:01,TRAV25,TRAJ52,TRBV7-8,TRBJ2-2,TTLSN,LVKSGEV,SGHVS,FQNEAQ,0
CAATDRGGSNYKLTF,CASSAQGANEQFF,GLCTLVAML,HLA-A*02:01,TRAV29/DV5,TRAJ53,TRBV9,TRBJ2-1,NSMFDY,ISSIKDK,SGDLS,YYNGEE,0
CSVRGDSRGKLQF,CASRAGGGVETQYF,GLCTLVAML,HLA-A*02:01,TRAV25,TRAJ24,TRBV2,TRBJ2-5,TTLSN,LVKSGEV,SNHLY,FYNNEI,0
CAGMEYGNKLVF,CASSIRSTDTQYF,GLCTLVAML,HLA-A*02:01,TRAV3,TRAJ47,TRBV19,TRBJ2-3,VSGNPY,YITGDNLV,LNHDA,SQIVND,0
CAVSFGNEKLTF,CAEGQGFVGQPQHF,GLCTLVAML,HLA-A*02:01,TRAV12-2,TRAJ48,TRBV28,TRBJ1-5,DRGSQS,IYSNGD,MDHEN,SYDVKM,0
CLVGDLGNTPLVF,CASSQSSGDTQYF,GLCTLVAML,HLA-A*02:01,TRAV4,TRAJ29,TRBV4-2,TRBJ2-3,NIATNDY,GYKTK,LGHNA,YNFKEQ,0
CAVMKDSNYQLIW,CASSSYRKEKLFF,GLCTLVAML,HLA-A*02:01,TRAV8-1,TRAJ33,TRBV19,TRBJ1-4,YGGTVN,YFSGDPLV,LNHDA,SQIVND,0
CAHRGSQGNLIF,CASSPLTGESMSEKLFF,GLCTLVAML,HLA-A*02:01,TRAV12-2,TRAJ42,TRBV11-3,TRBJ1-4,DRGSQS,IYSNGD,SGHNT,YENEEA,0
CAAFLPMNTGFQKLTF,CASMITTGPEKLFF,GLCTLVAML,HLA-A*02:01,TRAV13-1,TRAJ8,TRBV2,TRBJ1-4,DSASNY,IRSNVGE,SNHLY,FYNNEI,0
CAVVYPLTHGSSNTGKLIF,CASSLEGQLNEQFF,GLCTLVAML,HLA-A*02:01,TRAV21,TRAJ37,TRBV7-9,TRBJ2-1,DSAIYN,IQSSQRE,SEHNR,FQNEAQ,0
CVVHAGNMLTF,CASSEGLGGALYGYTF,GLCTLVAML,HLA-A*02:01,TRAV10,TRAJ39,TRBV6-1,TRBJ1-2,VSPFSN,MTFSENT,MNHNS,SASEGT,0
CAYYPWNTGNQFYF,CASSDGSYEQYF,GLCTLVAML,HLA-A*02:01,TRAV38-1,TRAJ49,TRBV10-1,TRBJ2-7,TSENNYY,QEAYKQQN,WNHNN,SYGVQD,0
CAVGGGADGLTF,CASSLDRQGFGELFF,GLCTLVAML,HLA-A*02:01,TRAV41,TRAJ45,TRBV7-7,TRBJ2-2,VGISA,LSSGK,SSHAT,FNYEAQ,0
CLVGVYNQGGKLIF,CASSQEVGTSGEGEQFF,GLCTLVAML,HLA-A*02:01,TRAV4,TRAJ23,TRBV4-2,TRBJ2-1,NIATNDY,GYKTK,LGHNA,YNFKEQ,0
CLVGAPSGGYQKVTF,CASSQVQGLYEQYF,GLCTLVAML,HLA-A*02:01,TRAV4,TRAJ13,TRBV3-1,TRBJ2-7,NIATNDY,GYKTK,LGHDT,YNNKEL,0
CAGFLYNNNDMRF,CASSHERDRDTGELFF,GLCTLVAML,HLA-A*02:01,TRAV35,TRAJ43,TRBV3-1,TRBJ2-2,SIFNT,LYKAGEL,LGHDT,YNNKEL,0
CALRGYGQNFVF,CASSQDAPGQGSDEQFF,GLCTLVAML,HLA-A*02:01,TRAV16,TRAJ26,TRBV4-3,TRBJ2-1,YSGSPE,HISR,LGHNA,YSLEER,0
CAVDQTGANNLFF,CASSLTGTSNQPQHF,GLCTLVAML,HLA-A*02:01,TRAV39,TRAJ36,TRBV4-1,TRBJ1-5,TTSDR,LLSNGAV,MGHRA,YSYEKL,0
CAYREGAQKLVF,CAWSINSAEAFF,GLCTLVAML,HLA-A*02:01,TRAV38-2/DV8,TRAJ54,TRBV30,TRBJ1-1,TSESDYY,QEAYKQQN,GTSNPN,SVGIG,0
CAARNTGTASKLTF,CASSLKLAGTDTQYF,GLCTLVAML,HLA-A*02:01,TRAV12-2,TRAJ34,TRBV27,TRBJ2-3,DRGSQS,IYSNGD,MNHEY,SMNVEV,0
CAVAPSNDMRF,CASSLVSGATYNEQFF,GLCTLVAML,HLA-A*02:01,TRAV8-3,TRAJ43,TRBV27,TRBJ2-1,YGATPY,YFSGDTLV,MNHEY,SMNVEV,0
CAESGGSQGNLIF,CATSRVTPNTEAFF,GLCTLVAML,HLA-A*02:01,TRAV5,TRAJ42,TRBV15,TRBJ1-1,DSSSTY,IFSNMDM,LNHNV,YYDKDF,0
CAVGASGTYKYIF,CASSLGTGFSNQPQHF,GLCTLVAML,HLA-A*02:01,TRAV8-3,TRAJ40,TRBV7-8,TRBJ1-5,YGATPY,YFSGDTLV,SGHVS,FQNEAQ,0
CSFRGGSRGKLLF,CASKAGGGVETQYF,GLCTLVAML,HLA-A*02:01,TRAV25,TRAJ24,TRBV2,TRBJ2-5,TTLSN,LVKSGEV,SNHLY,FYNNEI,0
CLLNQAGTALIF,CASSPTGTNTEAFF,GLCTLVAML,HLA-A*02:01,TRAV4,TRAJ15,TRBV13,TRBJ1-1,NIATNDY,GYKTK,PRHDT,FYEKMQ,0
CVVNGNRDDKIIF,CASRIRAQGFADTQYF,GLCTLVAML,HLA-A*02:01,TRAV12-1,TRAJ30,TRBV19,TRBJ2-3,NSASQS,VYSSGN,LNHDA,SQIVND,0
CAVKNGGSQGNLIF,CASSRGHPLQFF,GLCTLVAML,HLA-A*02:01,TRAV8-1,TRAJ42,TRBV13,TRBJ2-1,YGGTVN,YFSGDPLV,PRHDT,FYEKMQ,0
CAASALRGMDSNYQLIW,CASSIFAHSSQPQHF,GLCTLVAML,HLA-A*02:01,TRAV29/DV5,TRAJ33,TRBV19,TRBJ1-5,NSMFDY,ISSIKDK,LNHDA,SQIVND,0
CAVYGNNRLAF,CSARDHGGDYGYTF,GLCTLVAML,HLA-A*02:01,TRAV5,TRAJ7,TRBV20-1,TRBJ1-2,DSSSTY,IFSNMDM,DFQATT,SNEGSKA,0
CAVTPRSYIPTF,CASSLGQGFTGELFF,GLCTLVAML,HLA-A*02:01,TRAV8-6,TRAJ6,TRBV28,TRBJ2-2,SSVSVY,YLSGSTLV,MDHEN,SYDVKM,0
CLQGNRDSGQNFVF,CATSSGGTDETQYF,GLCTLVAML,HLA-A*02:01,TRAV4,TRAJ26,TRBV24-1,TRBJ2-5,NIATNDY,GYKTK,KGHDR,SFDVKD,0
CAVTYNNNDMRF,CAAGTRTDTQYF,GLCTLVAML,HLA-A*02:01,TRAV20,TRAJ43,TRBV2,TRBJ2-3,VSGLRG,LYSAGEE,SNHLY,FYNNEI,0
CILRDIPFDRGSTLGRLYF,CASSAQTGAAYGYTF,GLCTLVAML,HLA-A*02:01,TRAV26-2,TRAJ18,TRBV6-5,TRBJ1-2,TISGTDY,GLTSN,MNHEY,SVGAGI,0
CAGRHGGTSYGKLTF,CASSLAYILGLGDEQFF,GLCTLVAML,HLA-A*02:01,TRAV35,TRAJ52,TRBV12-4,TRBJ2-1,SIFNT,LYKAGEL,SGHDY,FNNNVP,0
CAHRSPQTNAGNQLTW,CASSFPGQGNTQYF,GLCTLVAML,HLA-A*02:01,TRAV38-2/DV8,TRAJ39,TRBV27,TRBJ2-3,TSESDYY,QEAYKQQN,MNHEY,SMNVEV,0
CVVNILRSNDYKLSF,CASSERTGYEQYF,GLCTLVAML,HLA-A*02:01,TRAV12-1,TRAJ20,TRBV6-1,TRBJ2-7,NSASQS,VYSSGN,MNHNS,SASEGT,0
CGANGANNLFF,CASSSTSGVTDTQYF,GLCTLVAML,HLA-A*02:01,TRAV34,TRAJ36,TRBV27,TRBJ2-3,KTLYG,LQKGGEE,MNHEY,SMNVEV,0
CAMREFSYGSSNTGKLIF,CASSQGARDLVNEKLFF,GLCTLVAML,HLA-A*02:01,TRAV14/DV4,TRAJ37,TRBV3-1,TRBJ1-4,TSDPSYG,QGSYDQQN,LGHDT,YNNKEL,0
CLVGPGGFGNEKLTF,CASSLEGNGHREQYF,GLCTLVAML,HLA-A*02:01,TRAV4,TRAJ48,TRBV5-1,TRBJ2-7,NIATNDY,GYKTK,SGHRS,YFSETQ,0
CAIVEAEYGNKLVF,CASSLTGTVYEQYF,GLCTLVAML,HLA-A*02:01,TRAV1-2,TRAJ47,TRBV18,TRBJ2-7,TSGFNG,NVLDGL,KGHSH,LQKENI,0
CALDPLYSSASKIIF,CASSLAGPGLGLEQYF,GLCTLVAML,HLA-A*02:01,TRAV6,TRAJ3,TRBV12-4,TRBJ2-7,NYSPAY,IRENEKE,SGHDY,FNNNVP,0
CVVAHAGNMLTF,CASSPGGPVEPQHF,GLCTLVAML,HLA-A*02:01,TRAV10,TRAJ39,TRBV12-3,TRBJ1-5,VSPFSN,MTFSENT,SGHNS,FNNNVP,0
CIVRVGYTGFQKLVF,CASRGTGGGSGQPQHF,GLCTLVAML,HLA-A*02:01,TRAV26-1,TRAJ8,TRBV4-1,TRBJ1-5,TISGNEY,GLKNN,MGHRA,YSYEKL,0
CATEGRMDSSYKLIF,CASSSRDLGEYEQYF,GLCTLVAML,HLA-A*02:01,TRAV3,TRAJ12,TRBV7-9,TRBJ2-7,VSGNPY,YITGDNLV,SEHNR,FQNEAQ,0
CAASRGSGAGSYQLTF,CASSLVVMGTGFTDTQYF,GLCTLVAML,HLA-A*02:01,TRAV23/DV6,TRAJ28,TRBV12-3,TRBJ2-3,NTAFDY,IRPDVSE,SGHNS,FNNNVP,0
CASLMYSGGGADGLTF,CASSQNSGRTYNEQFF,GLCTLVAML,HLA-A*02:01,TRAV24,TRAJ45,TRBV7-3,TRBJ2-1,SSNFYA,MTLNGDE,SGHTA,FQGTGA,0
CAYRSPYSGGGADGLTF,CATSDLGLAGDTQYF,GLCTLVAML,HLA-A*02:01,TRAV38-2/DV8,TRAJ45,TRBV24-1,TRBJ2-3,TSESDYY,QEAYKQQN,KGHDR,SFDVKD,0
CAEIGTDKLIF,CSANSRTGLGYTF,GLCTLVAML,HLA-A*02:01,TRAV5,TRAJ34,TRBV20-1,TRBJ1-2,DSSSTY,IFSNMDM,DFQATT,SNEGSKA,0
CAVVGYNNNDMRF,CASSLEGLAGYEQYF,GLCTLVAML,HLA-A*02:01,TRAV38-2/DV8,TRAJ43,TRBV7-8,TRBJ2-7,TSESDYY,QEAYKQQN,SGHVS,FQNEAQ,0
CAGPSEPGDSNYQLIW,CASSGLSNQPQHF,GLCTLVAML,HLA-A*02:01,TRAV35,TRAJ33,TRBV19,TRBJ1-5,SIFNT,LYKAGEL,LNHDA,SQIVND,0
CAVRDIIRAGSYQLTF,CASSLPHGVGELFF,GLCTLVAML,HLA-A*02:01,TRAV3,TRAJ28,TRBV27,TRBJ2-2,VSGNPY,YITGDNLV,MNHEY,SMNVEV,0
CAYRSRNNNDMRF,CAITIADVSTDTQYF,GLCTLVAML,HLA-A*02:01,TRAV38-2/DV8,TRAJ43,TRBV7-9,TRBJ2-3,TSESDYY,QEAYKQQN,SEHNR,FQNEAQ,0
CALSEATSGTYKYIF,CASSLITGDTEAFF,GLCTLVAML,HLA-A*02:01,TRAV19,TRAJ40,TRBV27,TRBJ1-1,TRDTTYY,RNSFDEQN,MNHEY,SMNVEV,0
CAHPNSNSGYALNF,CASSLAVIDRYNEQFF,GLCTLVAML,HLA-A*02:01,TRAV38-2/DV8,TRAJ41,TRBV7-9,TRBJ2-1,TSESDYY,QEAYKQQN,SEHNR,FQNEAQ,0
CAVRDSNYQLIW,CASSDSTSGGNEQFF,GLCTLVAML,HLA-A*02:01,TRAV1-2,TRAJ33,TRBV6-4,TRBJ2-1,TSGFNG,NVLDGL,MRHNA,SNTAGT,0
CIVRVRGGSNYKLTF,CASSQLLAGGFSQTDTQYF,GLCTLVAML,HLA-A*02:01,TRAV26-1,TRAJ53,TRBV14,TRBJ2-3,TISGNEY,GLKNN,SGHDN,FVKESK,0
CAVTRISSGSARQLTF,CSASEAGGSYEQYF,GLCTLVAML,HLA-A*02:01,TRAV12-2,TRAJ50,TRBV20-1,TRBJ2-7,DRGSQS,IYSNGD,DFQATT,SNEGSKA,0
CVVNSDFGNEKLTF,CASSSKTSRWDEQFF,GLCTLVAML,HLA-A*02:01,TRAV12-1,TRAJ48,TRBV7-3,TRBJ2-1,NSASQS,VYSSGN,SGHTA,FQGTGA,0
CAEGGGNMLTF,CATSPEENTGELFF,GLCTLVAML,HLA-A*02:01,TRAV5,TRAJ39,TRBV15,TRBJ2-2,DSSSTY,IFSNMDM,LNHNV,YYDKDF,0
CAVGQGDYKLSF,CAISESSFGGGEQFF,GLCTLVAML,HLA-A*02:01,TRAV8-4,TRAJ20,TRBV10-3,TRBJ2-1,SSVPPY,YTSAATLV,ENHRY,SYGVKD,0
CAVGAPTNDYKLSF,CASSPGTGAYEQYF,GLCTLVAML,HLA-A*02:01,TRAV12-2,TRAJ30,TRBV27,TRBJ2-7,DRGSQS,IYSNGD,MNHEY,SMNVEV,0
CAYRSLYNNNDMRF,CASRTGISNTGELFF,GLCTLVAML,HLA-A*02:01,TRAV38-2/DV8,TRAJ43,TRBV2,TRBJ2-2,TSESDYY,QEAYKQQN,SNHLY,FYNNEI,0
CVVSVPHNQGGKLIF,CASSLGVFTGAGNQPQHF,GLCTLVAML,HLA-A*02:01,TRAV8-2,TRAJ23,TRBV7-2,TRBJ1-5,SSYSPS,YTSAATLV,SGHTA,FQGNSA,0
CVVNRDDKIIF,CASSDSYGYTF,GLCTLVAML,HLA-A*02:01,TRAV12-1,TRAJ30,TRBV7-8,TRBJ1-2,NSASQS,VYSSGN,SGHVS,FQNEAQ,0
CLVGDGGAGSYQLTF,CASSQDPLAGGGGELFF,GLCTLVAML,HLA-A*02:01,TRAV4,TRAJ28,TRBV4-3,TRBJ2-2,NIATNDY,GYKTK,LGHNA,YSLEER,0
CAVSSRDDKLIF,CASSSPGEYEKLFF,GLCTLVAML,HLA-A*02:01,TRAV8-4,TRAJ34,TRBV7-9,TRBJ1-4,SSVPPY,YTSAATLV,SEHNR,FQNEAQ,0
CAERIRKGQVLTGGGNKLTF,CASSVGDLLTGELFF,GLCTLVAML,HLA-A*02:01,TRAV13-2,TRAJ10,TRBV9,TRBJ2-2,NSASDY,IRSNMDK,SGDLS,YYNGEE,0
CVASYGGSQGNLIF,CASSTRSTSPGHF,GLCTLVAML,HLA-A*02:01,TRAV10,TRAJ42,TRBV19,TRBJ1-5,VSPFSN,MTFSENT,LNHDA,SQIVND,0
CAAHSGNTPLVF,CASSQTETSYEQYF,GLCTLVAML,HLA-A*02:01,TRAV23/DV6,TRAJ29,TRBV27,TRBJ2-7,NTAFDY,IRPDVSE,MNHEY,SMNVEV,0
CAYSAGNMLTF,CASSLQGGPVASTDTQYF,GLCTLVAML,HLA-A*02:01,TRAV38-2/DV8,TRAJ39,TRBV27,TRBJ2-3,TSESDYY,QEAYKQQN,MNHEY,SMNVEV,0
CAAERDDKIIF,CASSMTSGSPYNEQFF,GLCTLVAML,HLA-A*02:01,TRAV13-1,TRAJ30,TRBV12-4,TRBJ2-1,DSASNY,IRSNVGE,SGHDY,FNNNVP,0
CAYSSLYGGSQGNLIF,CSAREKTINTGELFF,GLCTLVAML,HLA-A*02:01,TRAV38-2/DV8,TRAJ42,TRBV20-1,TRBJ2-2,TSESDYY,QEAYKQQN,DFQATT,SNEGSKA,0
CAASLSGGGADGLTF,CASSLDRKAFF,GLCTLVAML,HLA-A*02:01,TRAV13-1,TRAJ45,TRBV5-6,TRBJ1-1,DSASNY,IRSNVGE,SGHDT,YYEEEE,0
CAVKGAGANSKLTF,CASRSDRVTEHTQYF,GLCTLVAML,HLA-A*02:01,TRAV12-2,TRAJ56,TRBV13,TRBJ2-3,DRGSQS,IYSNGD,PRHDT,FYEKMQ,0
CAGHPKTSYDKVIF,CSARDPGLEQNIQYF,GLCTLVAML,HLA-A*02:01,TRAV25,TRAJ50,TRBV20-1,TRBJ2-4,TTLSN,LVKSGEV,DFQATT,SNEGSKA,0
CAAYTGNQFYF,CASSLQVWNEQFF,GLCTLVAML,HLA-A*02:01,TRAV29/DV5,TRAJ49,TRBV27,TRBJ2-1,NSMFDY,ISSIKDK,MNHEY,SMNVEV,0
CLVGTPLAGSGGYNKLIF,CASSLYGQGSSSYGYTF,GLCTLVAML,HLA-A*02:01,TRAV4,TRAJ4,TRBV12-3,TRBJ1-2,NIATNDY,GYKTK,SGHNS,FNNNVP,0
CFYTGGFKTIF,CASRSSGEYEQYF,GLCTLVAML,HLA-A*02:01,TRAV6,TRAJ9,TRBV19,TRBJ2-7,NYSPAY,IRENEKE,LNHDA,SQIVND,0
CASPGSNTGKLIF,CASSMRSADTQYF,GLCTLVAML,HLA-A*02:01,TRAV12-3,TRAJ37,TRBV19,TRBJ2-3,NSAFQY,TYSSGN,LNHDA,SQIVND,0
CAASRGVGGYNKLIF,CASSFLTGPKGDYTF,GLCTLVAML,HLA-A*02:01,TRAV13-1,TRAJ4,TRBV28,TRBJ1-2,DSASNY,IRSNVGE,MDHEN,SYDVKM,0
CAVPPAVYNFNKFYF,CASSQGDWGGSQPQHF,GLCTLVAML,HLA-A*02:01,TRAV12-2,TRAJ21,TRBV4-1,TRBJ1-5,DRGSQS,IYSNGD,MGHRA,YSYEKL,0
CAMRDFEDSGNTPLVF,CASSTYSRDTQYF,GLCTLVAML,HLA-A*02:01,TRAV14/DV4,TRAJ29,TRBV19,TRBJ2-3,TSDPSYG,QGSYDQQN,LNHDA,SQIVND,0
CAASGEYNNNDMRF,CASSPSVYFEVSGANVLTF,GLCTLVAML,HLA-A*02:01,TRAV29/DV5,TRAJ43,TRBV18,TRBJ2-6,NSMFDY,ISSIKDK,KGHSH,LQKENI,0
CALSPGGTSYGKLTF,CASSLGGNEQYF,GLCTLVAML,HLA-A*02:01,TRAV9-2,TRAJ52,TRBV7-9,TRBJ2-7,ATGYPS,ATKADDK,SEHNR,FQNEAQ,0
CAGQADRGSTLGRLYF,CASSMYSINIQYF,GLCTLVAML,HLA-A*02:01,TRAV27,TRAJ18,TRBV19,TRBJ2-4,SVFSS,VVTGGEV,LNHDA,SQIVND,0
CALGYGNQFYF,CASSLLATGGNGYTF,GLCTLVAML,HLA-A*02:01,TRAV24,TRAJ49,TRBV27,TRBJ1-2,SSNFYA,MTLNGDE,MNHEY,SMNVEV,0
CASMYKGGGNEKFTF,CASSELDEKYGYTF,GLCTLVAML,HLA-A*02:01,TRAV26-2,TRAJ45,TRBV2,TRBJ1-2,TISGTDY,GLTSN,SNHLY,FYNNEI,0
CAVPIKAAGNKLTF,CASSFQGLGQPQHF,GLCTLVAML,HLA-A*02:01,TRAV12-2,TRAJ17,TRBV28,TRBJ1-5,DRGSQS,IYSNGD,MDHEN,SYDVKM,0
CAVSPPRRYGNKLVF,CASSGNRDRNTGELFF,GLCTLVAML,HLA-A*02:01,TRAV3,TRAJ47,TRBV5-8,TRBJ2-2,VSGNPY,YITGDNLV,SGHTS,YDEGEE,0
CAVEDDYKLSF,CASSLILDSPLHF,GLCTLVAML,HLA-A*02:01,TRAV22,TRAJ20,TRBV7-9,TRBJ1-6,DSVNN,IPSGT,SEHNR,FQNEAQ,0
CAVSSTGNQFYF,CASSLEAGGFFEQYF,GLCTLVAML,HLA-A*02:01,TRAV41,TRAJ49,TRBV7-9,TRBJ2-7,VGISA,LSSGK,SEHNR,FQNEAQ,0
CAGVLDSNYQLIW,CASSPWTPTTDTQYF,GLCTLVAML,HLA-A*02:01,TRAV25,TRAJ33,TRBV5-1,TRBJ2-3,TTLSN,LVKSGEV,SGHRS,YFSETQ,0
CAMWTSYGKLTF,CASSLEVTGELFF,GLCTLVAML,HLA-A*02:01,TRAV17,TRAJ52,TRBV7-3,TRBJ2-2,TSINN,IRSNERE,SGHTA,FQGTGA,0
CAESTPGKLIF,CASSQSPGGITYF,GLCTLVAML,HLA-A*02:01,TRAV5,TRAJ37,TRBV14,TRBJ2-3,DSSSTY,IFSNMDM,SGHDN,FVKESK,0
CALSEVQLMDSNYQLIW,CASSIYSGQPQHF,GLCTLVAML,HLA-A*02:01,TRAV19,TRAJ33,TRBV19,TRBJ1-5,TRDTTYY,RNSFDEQN,LNHDA,SQIVND,0
CAVRDLTLGNDMRF,CASSEDLLRDTHQPQHF,GLCTLVAML,HLA-A*02:01,TRAV3,TRAJ43,TRBV2,TRBJ1-5,VSGNPY,YITGDNLV,SNHLY,FYNNEI,0
CATDPYDKVIF,CASSLDYRGYETQYF,GLCTLVAML,HLA-A*02:01,TRAV17,TRAJ50,TRBV11-2,TRBJ2-5,TSINN,IRSNERE,SGHAT,FQNNGV,0
CAVSGGSNDMRF,CASTPVPGQVGSYEQYF,GLCTLVAML,HLA-A*02:01,TRAV8-4,TRAJ43,TRBV28,TRBJ2-7,SSVPPY,YTSAATLV,MDHEN,SYDVKM,0
CARNTGNQFYF,CASSPKTGASYGYTF,GLCTLVAML,HLA-A*02:01,TRAV24,TRAJ49,TRBV6-5,TRBJ1-2,SSNFYA,MTLNGDE,MNHEY,SVGAGI,0
CAPHNNARLMF,CASSFLADGELFF,GLCTLVAML,HLA-A*02:01,TRAV24,TRAJ31,TRBV19,TRBJ2-2,SSNFYA,MTLNGDE,LNHDA,SQIVND,0
CAVFAARLMF,CASSFIGGTTDTQYF,GLCTLVAML,HLA-A*02:01,TRAV21,TRAJ31,TRBV12-3,TRBJ2-3,DSAIYN,IQSSQRE,SGHNS,FNNNVP,0
CILRDIPFDRGSTLGRLYF,CASSPQTGTGTYGYTF,GLCTLVAML,HLA-A*02:01,TRAV26-2,TRAJ18,TRBV6-5,TRBJ1-2,TISGTDY,GLTSN,MNHEY,SVGAGI,0
CAVNPGNTGKLIF,CASSSYGSYEQYF,GLCTLVAML,HLA-A*02:01,TRAV21,TRAJ37,TRBV19,TRBJ2-7,DSAIYN,IQSSQRE,LNHDA,SQIVND,0
CNFCECFMDYKLSF,CASSPDRESNTGELFF,GLCTLVAML,HLA-A*02:01,TRAV3,TRAJ20,TRBV7-9,TRBJ2-2,VSGNPY,YITGDNLV,SEHNR,FQNEAQ,0
CAYRGFYGGATNKLIF,CASSRSDREMFNYGYTF,GLCTLVAML,HLA-A*02:01,TRAV38-2/DV8,TRAJ32,TRBV14,TRBJ1-2,TSESDYY,QEAYKQQN,SGHDN,FVKESK,0
CLVGVPSGAGSYQLTF,CASSEVRGRQGHEQYF,GLCTLVAML,HLA-A*02:01,TRAV4,TRAJ28,TRBV2,TRBJ2-7,NIATNDY,GYKTK,SNHLY,FYNNEI,0
CAVNTGNQFYF,CASSQDGGSGSYNEQFF,GLCTLVAML,HLA-A*02:01,TRAV12-2,TRAJ49,TRBV4-2,TRBJ2-1,DRGSQS,IYSNGD,LGHNA,YNFKEQ,0
CVVNRGGNKLVFGF,CASSQEALMGEQYF,GLCTLVAML,HLA-A*02:01,TRAV12-1,TRAJ10,TRBV4-1,TRBJ2-7,NSASQS,VYSSGN,MGHRA,YSYEKL,0
CVDHSNGWRQSVIW,CASSFPGQGNTQYF,GLCTLVAML,HLA-A*02:01,TRAV10,TRAJ33,TRBV27,TRBJ2-3,VSPFSN,MTFSENT,MNHEY,SMNVEV,0
CLVGGTGTASKLTF,CASRETGGVWETQYF,GLCTLVAML,HLA-A*02:01,TRAV4,TRAJ44,TRBV6-1,TRBJ2-5,NIATNDY,GYKTK,MNHNS,SASEGT,0
CAVRGDNYGQNFVF,CASRRPGGDTEAFF,GLCTLVAML,HLA-A*02:01,TRAV21,TRAJ26,TRBV27,TRBJ1-1,DSAIYN,IQSSQRE,MNHEY,SMNVEV,0
CAVPNFGNEKLTF,CATSGLESSYNEQFF,GLCTLVAML,HLA-A*02:01,TRAV21,TRAJ48,TRBV24-1,TRBJ2-1,DSAIYN,IQSSQRE,KGHDR,SFDVKD,0
CVVSDLYGGSQGNLIF,CASSMWTSGGPTDTQYF,GLCTLVAML,HLA-A*02:01,TRAV8-2,TRAJ42,TRBV9,TRBJ2-3,SSYSPS,YTSAATLV,SGDLS,YYNGEE,0
CAESPDGGATNKLIF,CASSPPGSRSSYEQYF,GLCTLVAML,HLA-A*02:01,TRAV5,TRAJ32,TRBV18,TRBJ2-7,DSSSTY,IFSNMDM,KGHSH,LQKENI,0
CHPCTKEEEMRNTF,CASSELDEKYGYTF,GLCTLVAML,HLA-A*02:01,TRAV26-2,TRAJ48,TRBV2,TRBJ1-2,TISGTDY,GLTSN,SNHLY,FYNNEI,0
CLVSEPYNTDKLIF,CASSLQMASGSPDLGEQFF,GLCTLVAML,HLA-A*02:01,TRAV4,TRAJ34,TRBV4-1,TRBJ2-1,NIATNDY,GYKTK,MGHRA,YSYEKL,0
CAEIPNYGGSQGNLIF,CASSFQGYTEAFF,GLCTLVAML,HLA-A*02:01,TRAV5,TRAJ42,TRBV28,TRBJ1-1,DSSSTY,IFSNMDM,MDHEN,SYDVKM,0
CAVRRTGGFKTIF,CASSETGQLDEQFF,GLCTLVAML,HLA-A*02:01,TRAV21,TRAJ9,TRBV11-2,TRBJ2-1,DSAIYN,IQSSQRE,SGHAT,FQNNGV,0
CALSETHLGGSQGNLIF,CASSIQKAGYNEQFF,GLCTLVAML,HLA-A*02:01,TRAV19,TRAJ42,TRBV19,TRBJ2-1,TRDTTYY,RNSFDEQN,LNHDA,SQIVND,0
CALSEFRGNTPLVF,CASSEPIGTGGNQPQHF,GLCTLVAML,HLA-A*02:01,TRAV19,TRAJ29,TRBV2,TRBJ1-5,TRDTTYY,RNSFDEQN,SNHLY,FYNNEI,0
CAVRNDYKLSF,CASSYPTSGYNEQFF,GLCTLVAML,HLA-A*02:01,TRAV8-4,TRAJ20,TRBV6-3,TRBJ2-1,SSVPPY,YTSAATLV,MNHEY,SVGEGT,0
CATHTGKLIF,CASSWSASYEQYF,GLCTLVAML,HLA-A*02:01,TRAV38-2/DV8,TRAJ37,TRBV19,TRBJ2-7,TSESDYY,QEAYKQQN,LNHDA,SQIVND,0
CTSRVTDYKLSF,CASSPDRESNTGELFF,GLCTLVAML,HLA-A*02:01,TRAV3,TRAJ20,TRBV7-9,TRBJ2-2,VSGNPY,YITGDNLV,SEHNR,FQNEAQ,0
CAVFMDSNYQLIW,CASSIGESQPQHF,GLCTLVAML,HLA-A*02:01,TRAV5,TRAJ33,TRBV19,TRBJ1-5,DSSSTY,IFSNMDM,LNHDA,SQIVND,0
CAVTWGGKLIF,CASSFQGLGTEAFF,GLCTLVAML,HLA-A*02:01,TRAV12-2,TRAJ23,TRBV28,TRBJ1-1,DRGSQS,IYSNGD,MDHEN,SYDVKM,0
CAPHPSGYSTLTF,CASSLIQGSYEQYF,GLCTLVAML,HLA-A*02:01,TRAV6,TRAJ11,TRBV28,TRBJ2-7,NYSPAY,IRENEKE,MDHEN,SYDVKM,0
CAYRSLYGGSQGNLIF,CASSQEKNSNQPQHF,GLCTLVAML,HLA-A*02:01,TRAV38-2/DV8,TRAJ42,TRBV4-1,TRBJ1-5,TSESDYY,QEAYKQQN,MGHRA,YSYEKL,0
CAGRPYDKIIF,CASSQEQEPHQETQYF,GLCTLVAML,HLA-A*02:01,TRAV12-2,TRAJ30,TRBV3-1,TRBJ2-5,DRGSQS,IYSNGD,LGHDT,YNNKEL,0
CVVSDHYSNSGYALNF,CASSPPVISNNEQYF,GLCTLVAML,HLA-A*02:01,TRAV8-2,TRAJ41,TRBV7-9,TRBJ2-7,SSYSPS,YTSAATLV,SEHNR,FQNEAQ,0
CAVRRPQGDFNKFYF,CASSTQGQLTEAFF,GLCTLVAML,HLA-A*02:01,TRAV21,TRAJ21,TRBV27,TRBJ1-1,DSAIYN,IQSSQRE,MNHEY,SMNVEV,0
CAASPSGAGNMLTF,CASSQLTTGTFTGELFF,GLCTLVAML,HLA-A*02:01,TRAV29/DV5,TRAJ39,TRBV28,TRBJ2-2,NSMFDY,ISSIKDK,MDHEN,SYDVKM,0
CLVGASGAGSYQLTF,CASSDSYRGSYNEQFF,GLCTLVAML,HLA-A*02:01,TRAV4,TRAJ28,TRBV6-4,TRBJ2-1,NIATNDY,GYKTK,MRHNA,SNTAGT,0
CAVQPTSNTGKLIF,CASSHTTGADEQYF,GLCTLVAML,HLA-A*02:01,TRAV21,TRAJ37,TRBV4-1,TRBJ2-7,DSAIYN,IQSSQRE,MGHRA,YSYEKL,0
CAVRSTFNFNKFYF,CASSQTRTSGRVDPDTQYF,GLCTLVAML,HLA-A*02:01,TRAV21,TRAJ21,TRBV3-1,TRBJ2-3,DSAIYN,IQSSQRE,LGHDT,YNNKEL,0
CATDARAGGTSYGKLTF,CASSFGQRDRGYWRNTEAFF,GLCTLVAML,HLA-A*02:01,TRAV17,TRAJ52,TRBV6-6,TRBJ1-1,TSINN,IRSNERE,MNHNY,SVGAGI,0
CAMIEWDTGRRALIF,CSVEDLGAGVSNEQFF,GLCTLVAML,HLA-A*02:01,TRAV12-3,TRAJ5,TRBV29-1,TRBJ2-1,NSAFQY,TYSSGN,SQVTM,ANQGSEA,0
CAMREGGNFNKFYF,CSAPVPPYNEQFF,GLCTLVAML,HLA-A*02:01,TRAV14/DV4,TRAJ21,TRBV20-1,TRBJ2-1,TSDPSYG,QGSYDQQN,DFQATT,SNEGSKA,0
CAYISNNDMRF,CAISVSGTRVYNEQFF,GLCTLVAML,HLA-A*02:01,TRAV38-2/DV8,TRAJ43,TRBV10-3,TRBJ2-1,TSESDYY,QEAYKQQN,ENHRY,SYGVKD,0
CAMREHTSGTYKYIF,CASSDSLVRGYQETQYF,GLCTLVAML,HLA-A*02:01,TRAV14/DV4,TRAJ40,TRBV6-6,TRBJ2-5,TSDPSYG,QGSYDQQN,MNHNY,SVGAGI,0
CAVEIIQGAQKLVF,CASTRQGLGQPQHF,GLCTLVAML,HLA-A*02:01,TRAV12-2,TRAJ54,TRBV28,TRBJ1-5,DRGSQS,IYSNGD,MDHEN,SYDVKM,0
CAASARGQAGTALIF,CASSGPGGGAFF,GLCTLVAML,HLA-A*02:01,TRAV29/DV5,TRAJ15,TRBV9,TRBJ1-1,NSMFDY,ISSIKDK,SGDLS,YYNGEE,0
CKGTKIWVRTSKSTF,CASSEATGELYEQYF,GLCTLVAML,HLA-A*02:01,TRAV26-2,TRAJ27,TRBV2,TRBJ2-7,TISGTDY,GLTSN,SNHLY,FYNNEI,0
CALEDGNEKLTF,CASKVSGTGVIPPLHF,GLCTLVAML,HLA-A*02:01,TRAV38-2/DV8,TRAJ48,TRBV6-5,TRBJ1-6,TSESDYY,QEAYKQQN,MNHEY,SVGAGI,0
CAYRSLDLSGNTPLVF,CASSLYIQGGEQYF,GLCTLVAML,HLA-A*02:01,TRAV38-2/DV8,TRAJ29,TRBV27,TRBJ2-7,TSESDYY,QEAYKQQN,MNHEY,SMNVEV,0
CLVGASGAGSYQLTF,CASSVWGTDTQYF,GLCTLVAML,HLA-A*02:01,TRAV4,TRAJ28,TRBV9,TRBJ2-3,NIATNDY,GYKTK,SGDLS,YYNGEE,0
CAVLNSNSGYALNF,CASSRQESYGYTF,GLCTLVAML,HLA-A*02:01,TRAV21,TRAJ41,TRBV5-6,TRBJ1-2,DSAIYN,IQSSQRE,SGHDT,YYEEEE,0
CVRITHTNAGNQLTW,CASSFPGQGNTQYF,GLCTLVAML,HLA-A*02:01,TRAV10,TRAJ39,TRBV27,TRBJ2-3,VSPFSN,MTFSENT,MNHEY,SMNVEV,0
CAARVNNNARLMF,CATSDTQKANTGELFF,GLCTLVAML,HLA-A*02:01,TRAV29/DV5,TRAJ31,TRBV24-1,TRBJ2-2,NSMFDY,ISSIKDK,KGHDR,SFDVKD,0
CAVSGANDYKLSF,CASSLGGTGWTEAFF,GLCTLVAML,HLA-A*02:01,TRAV8-6,TRAJ20,TRBV27,TRBJ1-1,SSVSVY,YLSGSTLV,MNHEY,SMNVEV,0
CAGGGSYIPTF,CASSLGATWTSNTEAFF,GLCTLVAML,HLA-A*02:01,TRAV27,TRAJ6,TRBV7-8,TRBJ1-1,SVFSS,VVTGGEV,SGHVS,FQNEAQ,0
CAVPPAVYNFNKFYF,CSASETGVGQPQHF,GLCTLVAML,HLA-A*02:01,TRAV12-2,TRAJ21,TRBV20-1,TRBJ1-5,DRGSQS,IYSNGD,DFQATT,SNEGSKA,0
CATDVVHNAGNMLTF,CASSLVQNSYEQYF,GLCTLVAML,HLA-A*02:01,TRAV17,TRAJ39,TRBV5-1,TRBJ2-7,TSINN,IRSNERE,SGHRS,YFSETQ,0
CAESKRDGGATNKLIF,CASSPSREGYTF,GLCTLVAML,HLA-A*02:01,TRAV5,TRAJ32,TRBV18,TRBJ1-2,DSSSTY,IFSNMDM,KGHSH,LQKENI,0
CAVRPTGGFKTIF,CASSPSGQLEKLFF,GLCTLVAML,HLA-A*02:01,TRAV21,TRAJ9,TRBV11-2,TRBJ1-4,DSAIYN,IQSSQRE,SGHAT,FQNNGV,0
CAVSDLGGNNRLAF,CASSQELAAGGGDEQYF,GLCTLVAML,HLA-A*02:01,TRAV8-4,TRAJ7,TRBV4-2,TRBJ2-7,SSVPPY,YTSAATLV,LGHNA,YNFKEQ,0
CILKINGATNKLIF,CASKIGTGELYEQYF,GLCTLVAML,HLA-A*02:01,TRAV26-2,TRAJ32,TRBV2,TRBJ2-7,TISGTDY,GLTSN,SNHLY,FYNNEI,0
CALSGDAGGTSYGKLTF,CASSLVTSGGYQETQYF,GLCTLVAML,HLA-A*02:01,TRAV19,TRAJ52,TRBV5-1,TRBJ2-5,TRDTTYY,RNSFDEQN,SGHRS,YFSETQ,0
CAENIGDYKLSF,CASSLGTGTGHEPQHF,GLCTLVAML,HLA-A*02:01,TRAV13-2,TRAJ20,TRBV7-8,TRBJ1-5,NSASDY,IRSNMDK,SGHVS,FQNEAQ,0
CALMVYGGSQGNLIF,CASSWGGAAQFF,GLCTLVAML,HLA-A*02:01,TRAV12-2,TRAJ42,TRBV25-1,TRBJ2-1,DRGSQS,IYSNGD,MGHDK,SYGVNS,0
CAVTRGDYKLSF,CATSDSTAGNQPQHF,GLCTLVAML,HLA-A*02:01,TRAV8-4,TRAJ20,TRBV24-1,TRBJ1-5,SSVPPY,YTSAATLV,KGHDR,SFDVKD,0
CGADPQGGDNNARLMF,CSARPRESSNQPQHF,GLCTLVAML,HLA-A*02:01,TRAV34,TRAJ31,TRBV20-1,TRBJ1-5,KTLYG,LQKGGEE,DFQATT,SNEGSKA,0
CALSETLTSGTYKYIF,CASSVEVGTGDNEQFF,GLCTLVAML,HLA-A*02:01,TRAV19,TRAJ40,TRBV9,TRBJ2-1,TRDTTYY,RNSFDEQN,SGDLS,YYNGEE,0
CGEGASKLTF,CASSRGTGYSNQPQHF,GLCTLVAML,HLA-A*02:01,TRAV34,TRAJ44,TRBV7-8,TRBJ1-5,KTLYG,LQKGGEE,SGHVS,FQNEAQ,0
CAYRDDKIIF,CASSIALSDNYGYTF,GLCTLVAML,HLA-A*02:01,TRAV38-2/DV8,TRAJ30,TRBV19,TRBJ1-2,TSESDYY,QEAYKQQN,LNHDA,SQIVND,0
CLVAPIGNQGGKLIF,CASSEAAASGSPDLYEQYF,GLCTLVAML,HLA-A*02:01,TRAV4,TRAJ23,TRBV6-1,TRBJ2-7,NIATNDY,GYKTK,MNHNS,SASEGT,0
CAVNGNNNDMRF,CASAWGGMTNEQYF,GLCTLVAML,HLA-A*02:01,TRAV12-2,TRAJ43,TRBV19,TRBJ2-7,DRGSQS,IYSNGD,LNHDA,SQIVND,0
CAAPTGFGNEKLTF,CASSSGLAGVETGELFF,GLCTLVAML,HLA-A*02:01,TRAV29/DV5,TRAJ48,TRBV5-1,TRBJ2-2,NSMFDY,ISSIKDK,SGHRS,YFSETQ,0
CAYIIIQGAQKLVF,CASSLSAVHGYTF,GLCTLVAML,HLA-A*02:01,TRAV38-1,TRAJ54,TRBV27,TRBJ1-2,TSENNYY,QEAYKQQN,MNHEY,SMNVEV,0
CLVTGSARQLTF,CASSQEQGGWGEQYF,GLCTLVAML,HLA-A*02:01,TRAV4,TRAJ22,TRBV4-2,TRBJ2-7,NIATNDY,GYKTK,LGHNA,YNFKEQ,0
CAVSEQWKLIF,CASSQDFPAHQETQYF,GLCTLVAML,HLA-A*02:01,TRAV3,TRAJ34,TRBV14,TRBJ2-5,VSGNPY,YITGDNLV,SGHDN,FVKESK,0
